{
  "project_info": {
    "project_number": "844224814237",
    "firebase_url": "https://supptech-78d9a-default-rtdb.firebaseio.com",
    "project_id": "supptech-78d9a",
    "storage_bucket": "supptech-78d9a.appspot.com"
  },
  "client": [
    {
      "client_info": {
        "mobilesdk_app_id": "1:844224814237:android:7960a73c7409f3b46b8874",
        "android_client_info": {
          "package_name": "com.supptic.supptech"
        }
      },
      "oauth_client": [
        {
          "client_id": "844224814237-u8vocoek6j0h62qsbplvdr0pnj62j43g.apps.googleusercontent.com",
          "client_type": 3
        }
      ],
      "api_key": [
        {
          "current_key": "AIzaSyBSFqolU5mOTc0KG6pzQG4RQm0ySEBX7is"
        }
      ],
      "services": {
        "appinvite_service": {
          "other_platform_oauth_client": [
            {
              "client_id": "844224814237-u8vocoek6j0h62qsbplvdr0pnj62j43g.apps.googleusercontent.com",
              "client_type": 3
            }
          ]
        }
      }
    },
    {
      "client_info": {
        "mobilesdk_app_id": "1:844224814237:android:0fb46ae9fb0ea1fe6b8874",
        "android_client_info": {
          "package_name": "com.tdsupptic2.supptic2"
        }
      },
      "oauth_client": [
        {
          "client_id": "844224814237-u8vocoek6j0h62qsbplvdr0pnj62j43g.apps.googleusercontent.com",
          "client_type": 3
        }
      ],
      "api_key": [
        {
          "current_key": "AIzaSyBSFqolU5mOTc0KG6pzQG4RQm0ySEBX7is"
        }
      ],
      "services": {
        "appinvite_service": {
          "other_platform_oauth_client": [
            {
              "client_id": "844224814237-u8vocoek6j0h62qsbplvdr0pnj62j43g.apps.googleusercontent.com",
              "client_type": 3
            }
          ]
        }
      }
    }
  ],
  "configuration_version": "1"
}